{
"textures": {
    "particle": "#texture",
    "texture": "#texture",
    "leaves_extra": "#leaves_extra"
},
"elements": [ 
{
    "from": [ 0, 0, 0 ],
    "to": [ 16, 16, 16 ],
    "faces": {
        "down":  { "uv": [ 16, 16, 0, 0 ], "texture": "#texture", "tintindex": 0, "cullface": "down" },
        "up":    { "uv": [ 0, 0, 16, 16 ], "texture": "#texture", "tintindex": 0, "cullface": "up" },
        "north": { "uv": [ 0, 0, 16, 16 ], "texture": "#texture", "tintindex": 0, "cullface": "north" },
        "south": { "uv": [ 0, 0, 16, 16 ], "texture": "#texture", "tintindex": 0, "cullface": "south" },
        "west":  { "uv": [ 0, 0, 16, 16 ], "texture": "#texture", "tintindex": 0, "cullface": "west" },
        "east":  { "uv": [ 0, 0, 16, 16 ], "texture": "#texture", "tintindex": 0, "cullface": "east" }
    }
},
{
    "from": [ 14.125, -8, -6.8125 ],
    "to": [ 14.1875, 24, 25.1875 ],
    "shade": false,
    "rotation": { "origin": [ 14.125, -8, -6.8125 ], "axis": "y", "angle": -22.5 },
    "faces": {
        "west":  { "uv": [ 0, 0, 16, 16 ], "texture": "#leaves_extra", "tintindex": 0 },
        "east":  { "uv": [ 0, 0, 16, 16 ], "texture": "#leaves_extra", "tintindex": 0 }
    }
},
{
    "from": [ -6.8125, -8, 1.875 ],
    "to": [ 25.1875, 24, 1.9375 ],
    "shade": false,
    "rotation": { "origin": [ -6.8125, -8, 1.875 ], "axis": "y", "angle": -22.5 },
    "faces": {
        "north": { "uv": [ 0, 0, 16, 16 ], "texture": "#leaves_extra", "tintindex": 0 },
        "south": { "uv": [ 0, 0, 16, 16 ], "texture": "#leaves_extra", "tintindex": 0 }
    }
}
]
}